<!DOCTYPE mapper
        PUBLIC "-//mybatis.org//DTD Mapper 3.0//EN"
        "http://mybatis.org/dtd/mybatis-3-mapper.dtd">
<mapper namespace="org.sign.sign.Dao.ProjectDao">
    <!-- 其他元素... -->

    <select id="getProject" parameterType="java.lang.Integer" resultMap="projectListMap">
        SELECT i.id, i.name, i.longitude, i.latitude, i.area, i.manager ,COUNT(p.stid) as stidCount
        FROM item i LEFT JOIN projectAs p ON i.id = p.projectid
        WHERE i.manager = #{id}
        GROUP BY i.id
    </select>

    <resultMap id="projectListMap" type="org.sign.sign.Entity.ProjectList">
        <id property="id" column="id" />
        <result property="name" column="name" />
        <result property="longitude" column="longitude" />
        <result property="latitude" column="latitude" />
        <result property="area" column="area" />
        <result property="manager" column="manager" />
        <result property="stidCount" column="stidCount" />
    </resultMap>

    <!-- ProjectView-->
    <select id="ProjectView" parameterType="java.lang.Integer" resultType="org.sign.sign.Entity.ProjectView">
    SELECT
    i.name,
    i.id,
    (SELECT COUNT(*) FROM projectAs WHERE projectid = i.id) AS sum,
    (SELECT COUNT(*) FROM projectAs WHERE projectid = i.id AND signed = 1) AS signCount,
    (SELECT COUNT(*) FROM projectAs WHERE projectid = i.id AND late = 1) AS lateCount,
    (SELECT COUNT(*) FROM projectAs WHERE projectid = i.id AND absence = 1) AS absenceCount
    FROM item i
    WHERE i.manager = #{manager}
    </select>


    <select id="getSignListByProjectId" parameterType="java.lang.Integer" resultType="org.sign.sign.Bean.item.signList">
        SELECT p.signed, p.absence, p.late, p.reason, s.stName, s.stId,p.signTime,p.longitude,p.latitude
        FROM projectAs p
                 JOIN stTable s ON p.stId = s.stId AND p.managerId = s.stManager
        WHERE p.projectId = #{projectId}
    </select>


    <select id="getAbsenceList" parameterType="java.lang.Integer" resultType="org.sign.sign.Bean.item.AbsenceList">
            SELECT a.dateTime as absenceTime,a.longitude,a.latitude,a.reason,a.projectId,a.stId, i.name as projectName, s.stName
            FROM absence a
                     JOIN item i ON a.projectId = i.id
                     JOIN stTable s ON a.stId = s.stId AND i.manager = #{manageId}
    </select>

</mapper>