<!DOCTYPE mapper
        PUBLIC "-//mybatis.org//DTD Mapper 3.0//EN"
        "http://mybatis.org/dtd/mybatis-3-mapper.dtd">
<mapper namespace="org.sign.sign.Dao.StudentMapper">
    <!-- 其他元素... -->
    <insert id="addStudent" parameterType="java.util.List">
        INSERT ignore INTO stTable (stId,stName,stEmail,stPhone,stSex,stManager) VALUES
        <foreach collection="list" item="item" index="index" separator=",">
            (#{item.stId},#{item.name},#{item.email},#{item.phone},#{item.sex},#{item.manager})
        </foreach>
    </insert>


    <insert id="addProjectAs" parameterType="java.util.List">
        INSERT ignore INTO projectAs (projectId, managerId, stId, signed, late, absence, reason,signTime,longitude,latitude) VALUES
        <foreach collection="list" item="item" index="index" separator=",">
            (
            #{item.projectId},
            #{item.manager},
            #{item.stId},
            <if test="item.signed == ''">'未签到'</if>
            <if test="item.signed != ''">#{item.signed}</if>,
            <if test="item.late == ''">'未迟到'</if>
            <if test="item.late != ''">#{item.late}</if>,
            <if test="item.absence == ''">'未请假'</if>
            <if test="item.absence != ''">#{item.absence}</if>,
            #{item.reason},
            #{item.signTime},
            #{item.longitude},
            #{item.latitude}
            )
        </foreach>
    </insert>



    <select id="getProjectInfo" parameterType="map" resultType="org.sign.sign.Bean.student.ProjectInfo">
        SELECT p.projectId, p.signed, p.late, p.absence,p.reason, p.latitude, p.longitude, p.signTime, i.name
        FROM projectAs p
                 JOIN item i ON p.projectId = i.id
        WHERE p.stId = #{stId} AND p.managerId = #{managerId}
    </select>
</mapper>